{"labels": ["pcrcocci", "pcrhealthy", "pcrncd", "pcrsalmo"], "matrix": [[0.925, 0.05, 0.0, 0.025], [0.125, 0.84375, 0.0, 0.03125], [0.0, 0.0, 1.0, 0.0], [0.0, 0.05714285714285714, 0.0, 0.9428571428571428]], "counts": [[37, 2, 0, 1], [4, 27, 0, 1], [0, 0, 21, 0], [0, 2, 0, 33]]}