{"labels": ["pcrcocci", "pcrhealthy", "pcrncd", "pcrsalmo"], "matrix": [[0.868421052631579, 0.10526315789473684, 0.02631578947368421, 0.0], [0.13333333333333333, 0.8333333333333334, 0.0, 0.03333333333333333], [0.0, 0.0, 1.0, 0.0], [0.0, 0.02631578947368421, 0.0, 0.9736842105263158]], "counts": [[33, 4, 1, 0], [4, 25, 0, 1], [0, 0, 22, 0], [0, 1, 0, 37]]}