{"pcrcocci": 0.9135802469135802, "pcrhealthy": 0.8571428571428571, "pcrncd": 1.0, "pcrsalmo": 0.9428571428571428}