{"pcrcocci": 0.88, "pcrhealthy": 0.8333333333333334, "pcrncd": 0.9777777777777777, "pcrsalmo": 0.9736842105263158}