{"accuracy": 0.9140625, "precision_macro": 0.9138577937204939, "recall_macro": 0.918859649122807, "f1_macro": 0.9161988304093568}