{"accuracy": 0.921875, "precision_macro": 0.9290659772957177, "recall_macro": 0.9279017857142857, "f1_macro": 0.9283950617283951}